,1a14HL,1a2yBA,1adqHL
1a14HL,1.0,0.0148011,0.0191304
1a2yBA,0.0148011,1.0,0.00925069
1adqHL,0.0191304,0.00925069,1.0
